{"cameraMode":{"drawMode":0,"name":"Shaded","section":"Shading Mode"},"sceneLighting":false,"audioPlay":false,"sceneViewState":{"m_AlwaysRefresh":false,"showFog":true,"showSkybox":false,"showFlares":true,"showImageEffects":true,"showParticleSystems":true,"showVisualEffectGraphs":true,"m_FxEnabled":true},"in2DMode":false,"pivot":{"x":-0.7177273035049439,"y":-0.22252431511878968,"z":0.2516489624977112},"rotation":{"x":0.4647028148174286,"y":-0.0013356934068724514,"z":0.0006931391544640064,"w":0.8854382634162903},"size":8.077138900756836,"orthographic":false}