{"cameraMode":{"drawMode":0,"name":"Shaded","section":"Shading Mode"},"sceneLighting":false,"audioPlay":false,"sceneViewState":{"m_AlwaysRefresh":false,"showFog":true,"showSkybox":false,"showFlares":true,"showImageEffects":true,"showParticleSystems":true,"showVisualEffectGraphs":true,"m_FxEnabled":true},"in2DMode":false,"pivot":{"x":-1.2392363548278809,"y":-6.9282331466674809,"z":6.471657752990723},"rotation":{"x":0.34912389516830447,"y":-0.05618015676736832,"z":0.020972590893507005,"w":0.9351435899734497},"size":14.811345100402832,"orthographic":false}