{"cameraMode":{"drawMode":0,"name":"Shaded","section":"Shading Mode"},"sceneLighting":false,"audioPlay":false,"sceneViewState":{"m_AlwaysRefresh":false,"showFog":true,"showSkybox":false,"showFlares":true,"showImageEffects":true,"showParticleSystems":true,"showVisualEffectGraphs":true,"m_FxEnabled":true},"in2DMode":false,"pivot":{"x":7.9791364669799809,"y":77.16116333007813,"z":-1.1666579246520997},"rotation":{"x":0.28240635991096499,"y":-0.05608334019780159,"z":0.0165356807410717,"w":0.9574885964393616},"size":10.478009223937989,"orthographic":false}